placa,data_posicao,velocidade,ignicao,latitude,longitude
TESTE001,2018-12-12T00:04:03-02:00,0,False,-25.3649141,-51.469891
TESTE001,2018-12-12T00:34:06-02:00,0,False,-25.3649175,-51.4699098
TESTE001,2018-12-12T01:04:09-02:00,0,False,-25.3649551,-51.4699588
TESTE001,2018-12-12T01:34:12-02:00,0,False,-25.3649138,-51.4698871
TESTE001,2018-12-12T02:04:15-02:00,0,False,-25.364885,-51.4699223
TESTE001,2018-12-12T02:34:18-02:00,0,False,-25.364896,-51.4699111
TESTE001,2018-12-12T03:04:22-02:00,0,False,-25.364846,-51.469953
TESTE001,2018-12-12T03:34:26-02:00,0,False,-25.3649141,-51.4699506
TESTE001,2018-12-12T04:04:29-02:00,0,False,-25.3648976,-51.4698788
TESTE001,2018-12-12T04:34:32-02:00,0,False,-25.3648943,-51.4699216
TESTE001,2018-12-12T05:04:35-02:00,0,False,-25.3648238,-51.4699051
TESTE001,2018-12-12T05:34:38-02:00,0,False,-25.3649338,-51.4699125
TESTE001,2018-12-12T06:04:42-02:00,0,False,-25.3648955,-51.4698938
TESTE001,2018-12-12T06:34:45-02:00,0,False,-25.364886,-51.4699118
TESTE001,2018-12-12T07:04:48-02:00,0,False,-25.364897,-51.4699666
TESTE001,2018-12-12T07:34:51-02:00,0,False,-25.3649003,-51.4699385
TESTE001,2018-12-12T08:04:54-02:00,0,False,-25.3649003,-51.4699273
TESTE001,2018-12-12T08:34:57-02:00,0,False,-25.3649311,-51.4699368
TESTE001,2018-12-12T09:04:59-02:00,0,False,-25.3649196,-51.4699168
TESTE001,2018-12-12T09:35:02-02:00,0,False,-25.3649506,-51.46992
TESTE001,2018-12-12T10:05:05-02:00,0,False,-25.3649246,-51.4699121
TESTE001,2018-12-12T10:35:08-02:00,0,False,-25.3649085,-51.469902
TESTE001,2018-12-12T11:05:11-02:00,0,False,-25.3649175,-51.469938
TESTE001,2018-12-12T11:35:14-02:00,0,False,-25.3648926,-51.4699128
TESTE001,2018-12-12T12:05:17-02:00,0,False,-25.3649296,-51.4698916
TESTE001,2018-12-12T12:35:20-02:00,0,False,-25.3649388,-51.4699536
TESTE001,2018-12-12T13:05:23-02:00,0,False,-25.3648968,-51.4699221
TESTE001,2018-12-12T13:35:26-02:00,0,False,-25.3649516,-51.4699671
TESTE001,2018-12-12T14:05:29-02:00,0,False,-25.364873,-51.4699553
TESTE001,2018-12-12T14:35:32-02:00,0,False,-25.3648641,-51.4699805
TESTE001,2018-12-12T15:05:35-02:00,0,False,-25.3649055,-51.4699333
TESTE001,2018-12-12T15:35:38-02:00,0,False,-25.3649446,-51.4699341
TESTE001,2018-12-12T16:05:42-02:00,0,False,-25.3649171,-51.4699285
TESTE001,2018-12-12T16:35:45-02:00,0,False,-25.3649151,-51.4699415
TESTE001,2018-12-12T17:05:49-02:00,0,False,-25.3649021,-51.4698828
TESTE001,2018-12-12T17:35:52-02:00,0,False,-25.3649736,-51.4699023
TESTE001,2018-12-12T18:05:55-02:00,0,False,-25.3648981,-51.4699301
TESTE001,2018-12-12T18:35:58-02:00,0,False,-25.364889,-51.4699111
TESTE001,2018-12-12T19:06:01-02:00,0,False,-25.3648716,-51.4699213
TESTE001,2018-12-12T19:36:04-02:00,0,False,-25.3648638,-51.4698893
TESTE001,2018-12-12T20:06:07-02:00,0,False,-25.3649015,-51.4698735
TESTE001,2018-12-12T20:36:10-02:00,0,False,-25.364922,-51.4699235
TESTE001,2018-12-12T21:06:13-02:00,0,False,-25.3649245,-51.4699446
TESTE001,2018-12-12T21:36:16-02:00,0,False,-25.364921,-51.4699275
TESTE001,2018-12-12T22:06:19-02:00,0,False,-25.3648861,-51.4699225
TESTE001,2018-12-12T22:36:21-02:00,0,False,-25.3648996,-51.4699201
TESTE001,2018-12-12T23:06:25-02:00,0,False,-25.3648771,-51.4698895
TESTE001,2018-12-12T23:36:28-02:00,0,False,-25.3649048,-51.4698733
TESTE001,2018-12-13T00:06:31-02:00,0,False,-25.3649083,-51.4699545
TESTE001,2018-12-13T00:36:34-02:00,0,False,-25.3648861,-51.4699038
TESTE001,2018-12-13T01:06:37-02:00,0,False,-25.3648535,-51.4699203
TESTE001,2018-12-13T01:36:40-02:00,0,False,-25.3648973,-51.4699281
TESTE001,2018-12-13T02:06:44-02:00,0,False,-25.3648775,-51.469911
TESTE001,2018-12-13T02:36:47-02:00,0,False,-25.3649093,-51.469942
TESTE001,2018-12-13T03:06:50-02:00,0,False,-25.3649156,-51.4699666
TESTE001,2018-12-13T03:36:53-02:00,0,False,-25.3648976,-51.4699606
TESTE001,2018-12-13T04:06:56-02:00,0,False,-25.3649788,-51.4699236
TESTE001,2018-12-13T04:36:59-02:00,0,False,-25.3648965,-51.4699591
TESTE001,2018-12-13T05:07:01-02:00,0,False,-25.3648581,-51.4699126
TESTE001,2018-12-13T05:37:04-02:00,0,False,-25.3649603,-51.4699108
TESTE001,2018-12-13T06:07:07-02:00,0,False,-25.36492,-51.46988
TESTE001,2018-12-13T06:37:10-02:00,0,False,-25.3649313,-51.4699468
TESTE001,2018-12-13T07:07:13-02:00,0,False,-25.3649275,-51.4699435
TESTE001,2018-12-13T07:37:16-02:00,0,False,-25.3648921,-51.4699078
TESTE001,2018-12-13T08:07:19-02:00,0,False,-25.3649106,-51.469928
TESTE001,2018-12-13T08:37:21-02:00,0,False,-25.3649186,-51.469958
TESTE001,2018-12-13T09:07:24-02:00,0,False,-25.364874,-51.4699256
TESTE001,2018-12-13T09:37:27-02:00,0,False,-25.3648606,-51.4699675
TESTE001,2018-12-13T10:07:30-02:00,0,False,-25.364945,-51.4699991
TESTE001,2018-12-13T10:37:33-02:00,0,False,-25.3649006,-51.4699531
TESTE001,2018-12-13T11:07:36-02:00,0,False,-25.3648865,-51.4699123
TESTE001,2018-12-13T11:37:39-02:00,0,False,-25.3648901,-51.4699135
TESTE001,2018-12-13T12:07:43-02:00,0,False,-25.3649675,-51.4699678
TESTE001,2018-12-13T12:37:46-02:00,0,False,-25.364934,-51.4699683
TESTE001,2018-12-13T13:07:49-02:00,0,False,-25.364874,-51.4699355
TESTE001,2018-12-13T13:37:52-02:00,0,False,-25.3649676,-51.4699716
TESTE001,2018-12-13T14:07:55-02:00,0,False,-25.3648706,-51.4699243
TESTE001,2018-12-13T14:37:58-02:00,0,False,-25.3648628,-51.4700285
TESTE001,2018-12-13T15:08:02-02:00,0,False,-25.3649066,-51.469924
TESTE001,2018-12-13T15:38:05-02:00,0,False,-25.364933,-51.4699498
TESTE001,2018-12-13T16:08:08-02:00,0,False,-25.3649296,-51.4699256
TESTE001,2018-12-13T16:38:11-02:00,0,False,-25.3649261,-51.4699331
TESTE001,2018-12-13T17:08:14-02:00,0,False,-25.3649083,-51.469937
TESTE001,2018-12-13T17:38:17-02:00,0,False,-25.3648966,-51.4699813
TESTE001,2018-12-13T18:08:20-02:00,0,False,-25.3649361,-51.4698716
TESTE001,2018-12-13T18:38:23-02:00,0,False,-25.3648731,-51.4699578
TESTE001,2018-12-13T19:08:26-02:00,0,False,-25.3648646,-51.4699211
TESTE001,2018-12-13T19:38:29-02:00,0,False,-25.3648618,-51.4699006
TESTE001,2018-12-13T20:08:32-02:00,0,False,-25.3648846,-51.4699216
TESTE001,2018-12-13T20:38:35-02:00,0,False,-25.364945,-51.4699343
TESTE001,2018-12-13T21:08:38-02:00,0,False,-25.3648933,-51.4699181
TESTE001,2018-12-13T21:38:41-02:00,0,False,-25.3648806,-51.4699303
TESTE001,2018-12-13T22:08:44-02:00,0,False,-25.3648836,-51.4699323
TESTE001,2018-12-13T22:38:47-02:00,0,False,-25.3648863,-51.4699251
TESTE001,2018-12-13T23:08:50-02:00,0,False,-25.3648528,-51.4699088
TESTE001,2018-12-13T23:38:53-02:00,0,False,-25.3649138,-51.4699313
TESTE001,2018-12-14T00:08:56-02:00,0,False,-25.3648993,-51.469933
TESTE001,2018-12-14T00:38:58-02:00,0,False,-25.3648641,-51.4698688
TESTE001,2018-12-14T01:09:00-02:00,0,False,-25.3649343,-51.4699373
TESTE001,2018-12-14T01:39:03-02:00,0,False,-25.3648891,-51.4698966
TESTE001,2018-12-14T02:09:07-02:00,0,False,-25.3649325,-51.4699285
TESTE001,2018-12-14T02:39:10-02:00,0,False,-25.3649,-51.4699075
TESTE001,2018-12-14T03:09:13-02:00,0,False,-25.3649213,-51.4699276
TESTE001,2018-12-14T03:39:16-02:00,0,False,-25.3649025,-51.4699506
TESTE001,2018-12-14T04:09:18-02:00,0,False,-25.3649203,-51.4699058
TESTE001,2018-12-14T04:39:22-02:00,0,False,-25.3648626,-51.4698996
TESTE001,2018-12-14T05:09:25-02:00,0,False,-25.3648803,-51.469876
TESTE001,2018-12-14T05:39:28-02:00,0,False,-25.3649125,-51.4699198
TESTE001,2018-12-14T06:09:32-02:00,0,False,-25.364918,-51.4699398
TESTE001,2018-12-14T06:39:35-02:00,0,False,-25.3648658,-51.469995
TESTE001,2018-12-14T07:09:38-02:00,0,False,-25.3648808,-51.4699478
TESTE001,2018-12-14T07:39:41-02:00,0,False,-25.3648953,-51.469888
TESTE001,2018-12-14T08:09:43-02:00,0,False,-25.3649106,-51.4699531
TESTE001,2018-12-14T08:39:46-02:00,0,False,-25.3648886,-51.46991
TESTE001,2018-12-14T09:09:49-02:00,0,False,-25.3648583,-51.4699768
TESTE001,2018-12-14T09:39:52-02:00,0,False,-25.3648736,-51.4699736
TESTE001,2018-12-14T10:09:55-02:00,0,False,-25.3648908,-51.4698985
TESTE001,2018-12-14T10:39:58-02:00,0,False,-25.3649115,-51.4699571
TESTE001,2018-12-14T11:10:01-02:00,0,False,-25.3648943,-51.4698888
TESTE001,2018-12-14T11:40:04-02:00,0,False,-25.3648446,-51.4699575
TESTE001,2018-12-14T12:10:07-02:00,0,False,-25.3649028,-51.46994
TESTE001,2018-12-14T12:40:10-02:00,0,False,-25.364928,-51.4700176
TESTE001,2018-12-14T13:10:13-02:00,0,False,-25.3648618,-51.4699388
TESTE001,2018-12-14T13:40:16-02:00,0,False,-25.3648881,-51.4700676
TESTE001,2018-12-14T14:10:19-02:00,0,False,-25.364868,-51.4699241
TESTE001,2018-12-14T14:40:22-02:00,0,False,-25.3649655,-51.4699741
TESTE001,2018-12-14T14:43:07-02:00,0,True,-25.3648951,-51.469969
TESTE001,2018-12-14T14:45:06-02:00,0,True,-25.3649545,-51.4699006
TESTE001,2018-12-14T14:47:06-02:00,0,True,-25.364975,-51.469917
TESTE001,2018-12-14T14:49:06-02:00,0,True,-25.3649688,-51.4699336
TESTE001,2018-12-14T14:51:06-02:00,0,True,-25.3649633,-51.4699423
TESTE001,2018-12-14T14:53:06-02:00,0,True,-25.3649808,-51.4699488
TESTE001,2018-12-14T14:55:06-02:00,0,True,-25.3649505,-51.4699538
TESTE001,2018-12-14T14:57:06-02:00,0,True,-25.3649326,-51.4699533
TESTE001,2018-12-14T14:59:06-02:00,0,True,-25.3649436,-51.4699513
TESTE001,2018-12-14T15:01:06-02:00,0,True,-25.3649651,-51.4699645
TESTE001,2018-12-14T15:03:06-02:00,0,True,-25.3649556,-51.469934
TESTE001,2018-12-14T15:05:06-02:00,0,True,-25.3649646,-51.469926
TESTE001,2018-12-14T15:07:06-02:00,0,True,-25.3649593,-51.4699153
TESTE001,2018-12-14T15:08:25-02:00,0,False,-25.3649606,-51.4699311
TESTE001,2018-12-14T15:08:25-02:00,0,False,-25.3649606,-51.4699311
TESTE001,2018-12-14T15:40:28-02:00,0,False,-25.3649753,-51.4699666
TESTE001,2018-12-14T16:10:30-02:00,0,False,-25.3649238,-51.4699085
TESTE001,2018-12-14T16:40:33-02:00,0,False,-25.364919,-51.4699563
TESTE001,2018-12-14T17:10:36-02:00,0,False,-25.3649073,-51.4699208
TESTE001,2018-12-14T17:40:39-02:00,0,False,-25.364906,-51.4699141
TESTE001,2018-12-14T18:10:42-02:00,0,False,-25.364866,-51.4699125
TESTE001,2018-12-14T18:40:45-02:00,0,False,-25.3648846,-51.4699175
TESTE001,2018-12-14T19:10:48-02:00,0,False,-25.3648981,-51.469964
TESTE001,2018-12-14T19:40:52-02:00,0,False,-25.3648968,-51.4699383
TESTE001,2018-12-14T20:10:55-02:00,0,False,-25.364897,-51.4699185
TESTE001,2018-12-14T20:40:58-02:00,0,False,-25.3649108,-51.4699011
TESTE001,2018-12-14T21:11:01-02:00,0,False,-25.3648665,-51.4699095
TESTE001,2018-12-14T21:41:03-02:00,0,False,-25.364885,-51.4699086
TESTE001,2018-12-14T22:11:05-02:00,0,False,-25.3648901,-51.4699373
TESTE001,2018-12-14T22:41:08-02:00,0,False,-25.364944,-51.4699368
TESTE001,2018-12-14T23:11:11-02:00,0,False,-25.364898,-51.4699131
TESTE001,2018-12-14T23:41:14-02:00,0,False,-25.364933,-51.4699123
TESTE001,2018-12-15T00:11:17-02:00,0,False,-25.3648945,-51.4699275
TESTE001,2018-12-15T00:41:19-02:00,0,False,-25.3649153,-51.4699221
TESTE001,2018-12-15T01:11:21-02:00,0,False,-25.3648998,-51.4699078
TESTE001,2018-12-15T01:41:25-02:00,0,False,-25.3649035,-51.4698823
TESTE001,2018-12-15T02:11:28-02:00,0,False,-25.3649348,-51.469921
TESTE001,2018-12-15T02:41:31-02:00,0,False,-25.3649355,-51.4698623
TESTE001,2018-12-15T03:11:34-02:00,0,False,-25.3648905,-51.4699476
TESTE001,2018-12-15T03:41:37-02:00,0,False,-25.3649128,-51.4699245
TESTE001,2018-12-15T04:11:40-02:00,0,False,-25.3649083,-51.4699488
TESTE001,2018-12-15T04:41:43-02:00,0,False,-25.3648816,-51.4699216
TESTE001,2018-12-15T05:11:46-02:00,0,False,-25.3648985,-51.4699156
TESTE001,2018-12-15T05:41:49-02:00,0,False,-25.3649075,-51.4699086
TESTE001,2018-12-15T06:11:52-02:00,0,False,-25.3649218,-51.4699068
TESTE001,2018-12-15T06:41:55-02:00,0,False,-25.3649541,-51.4699133
TESTE001,2018-12-15T07:11:58-02:00,0,False,-25.3648486,-51.4699466
TESTE001,2018-12-15T07:42:01-02:00,0,False,-25.3648893,-51.4699045
TESTE001,2018-12-15T08:12:03-02:00,0,False,-25.3648903,-51.4699436
TESTE001,2018-12-15T08:42:06-02:00,0,False,-25.364951,-51.4699268
TESTE001,2018-12-15T09:12:09-02:00,0,False,-25.3648386,-51.4699788
TESTE001,2018-12-15T09:42:12-02:00,0,False,-25.3648811,-51.469924
TESTE001,2018-12-15T10:12:15-02:00,0,False,-25.3649161,-51.469917
TESTE001,2018-12-15T10:42:18-02:00,0,False,-25.3649031,-51.4699683
TESTE001,2018-12-15T11:12:21-02:00,0,False,-25.3649048,-51.4699056
TESTE001,2018-12-15T11:42:24-02:00,0,False,-25.3648631,-51.4699781
TESTE001,2018-12-15T12:12:27-02:00,0,False,-25.3648923,-51.4699318
TESTE001,2018-12-15T12:42:31-02:00,0,False,-25.3649015,-51.4698981
TESTE001,2018-12-15T13:12:34-02:00,0,False,-25.364821,-51.4699003
TESTE001,2018-12-15T13:42:37-02:00,0,False,-25.3649036,-51.4699771
TESTE001,2018-12-15T14:12:40-02:00,0,False,-25.364872,-51.4699465
TESTE001,2018-12-15T14:42:43-02:00,0,False,-25.3648946,-51.469987
TESTE001,2018-12-15T15:12:46-02:00,0,False,-25.3649386,-51.4699375
TESTE001,2018-12-15T15:42:49-02:00,0,False,-25.364813,-51.4699568
TESTE001,2018-12-15T16:12:52-02:00,0,False,-25.3648948,-51.4698913
TESTE001,2018-12-15T16:42:55-02:00,0,False,-25.3648903,-51.469922
TESTE001,2018-12-15T17:12:58-02:00,0,False,-25.3648885,-51.4699361
TESTE001,2018-12-15T17:43:01-02:00,0,False,-25.3649293,-51.4699158
TESTE001,2018-12-15T18:13:04-02:00,0,False,-25.364879,-51.4699205
TESTE001,2018-12-15T18:43:06-02:00,0,False,-25.3648801,-51.4699346
TESTE001,2018-12-15T19:13:09-02:00,0,False,-25.364877,-51.46988
TESTE001,2018-12-15T19:43:12-02:00,0,False,-25.3649065,-51.4699506
TESTE001,2018-12-15T20:13:15-02:00,0,False,-25.3648578,-51.4699076
TESTE001,2018-12-15T20:43:18-02:00,0,False,-25.364932,-51.4699598
TESTE001,2018-12-15T21:13:21-02:00,0,False,-25.3649156,-51.4699346
TESTE001,2018-12-15T21:43:24-02:00,0,False,-25.3648806,-51.4699061
TESTE001,2018-12-15T22:13:28-02:00,0,False,-25.3649096,-51.4699166
TESTE001,2018-12-15T22:43:31-02:00,0,False,-25.3648978,-51.4699185
TESTE001,2018-12-15T23:13:34-02:00,0,False,-25.3649193,-51.4699151
TESTE001,2018-12-15T23:43:37-02:00,0,False,-25.3648601,-51.4698755
TESTE001,2018-12-16T00:13:40-02:00,0,False,-25.3648873,-51.4699206
TESTE001,2018-12-16T00:43:43-02:00,0,False,-25.3649091,-51.469905
TESTE001,2018-12-16T01:13:46-02:00,0,False,-25.364876,-51.4699118
TESTE001,2018-12-16T01:43:49-02:00,0,False,-25.3648756,-51.4698788
TESTE001,2018-12-16T02:13:52-02:00,0,False,-25.3648998,-51.4698986
TESTE001,2018-12-16T02:43:55-02:00,0,False,-25.3648603,-51.4699766
TESTE001,2018-12-16T03:13:58-02:00,0,False,-25.3649248,-51.4699233
TESTE001,2018-12-16T03:44:00-02:00,0,False,-25.3649386,-51.4699571
TESTE001,2018-12-16T04:14:02-02:00,0,False,-25.3649,-51.4699351
TESTE001,2018-12-16T04:44:05-02:00,0,False,-25.3648815,-51.4699146
TESTE001,2018-12-16T05:14:08-02:00,0,False,-25.3649381,-51.4699348
TESTE001,2018-12-16T05:44:11-02:00,0,False,-25.3648833,-51.4698931
TESTE001,2018-12-16T06:14:14-02:00,0,False,-25.3649295,-51.4699223
TESTE001,2018-12-16T06:44:17-02:00,0,False,-25.3649481,-51.4699381
TESTE001,2018-12-16T07:14:20-02:00,0,False,-25.3649108,-51.469931
TESTE001,2018-12-16T07:44:23-02:00,0,False,-25.3648698,-51.4699288
TESTE001,2018-12-16T08:14:26-02:00,0,False,-25.3648906,-51.4699386
TESTE001,2018-12-16T08:44:29-02:00,0,False,-25.3649165,-51.4699436
TESTE001,2018-12-16T09:14:32-02:00,0,False,-25.364883,-51.4699326
TESTE001,2018-12-16T09:44:35-02:00,0,False,-25.3648881,-51.469932
TESTE001,2018-12-16T10:14:38-02:00,0,False,-25.3649695,-51.4699075
TESTE001,2018-12-16T10:44:40-02:00,0,False,-25.3649213,-51.469908
TESTE001,2018-12-16T11:14:43-02:00,0,False,-25.364891,-51.4699595
TESTE001,2018-12-16T11:44:47-02:00,0,False,-25.3648895,-51.4699606
TESTE001,2018-12-16T12:14:50-02:00,0,False,-25.3649125,-51.469899
TESTE001,2018-12-16T12:44:53-02:00,0,False,-25.3649056,-51.469894
TESTE001,2018-12-16T13:14:56-02:00,0,False,-25.3648403,-51.4699513
TESTE001,2018-12-16T13:44:59-02:00,0,False,-25.3649438,-51.4700025
TESTE001,2018-12-16T14:15:02-02:00,0,False,-25.3649058,-51.4699766
TESTE001,2018-12-16T14:45:04-02:00,0,False,-25.3649553,-51.469964
TESTE001,2018-12-16T15:15:07-02:00,0,False,-25.3649568,-51.4699475
TESTE001,2018-12-16T15:45:10-02:00,0,False,-25.3648606,-51.4699291
TESTE001,2018-12-16T16:15:13-02:00,0,False,-25.3648891,-51.469886
TESTE001,2018-12-16T16:45:16-02:00,0,False,-25.3648788,-51.4699146
TESTE001,2018-12-16T17:15:19-02:00,0,False,-25.3649128,-51.4699336
TESTE001,2018-12-16T17:45:22-02:00,0,False,-25.3648955,-51.469926
TESTE001,2018-12-16T18:15:25-02:00,0,False,-25.3648921,-51.469895
TESTE001,2018-12-16T18:45:28-02:00,0,False,-25.3648691,-51.469889
TESTE001,2018-12-16T19:15:31-02:00,0,False,-25.3648745,-51.4698858
TESTE001,2018-12-16T19:45:34-02:00,0,False,-25.3648978,-51.4698793
TESTE001,2018-12-16T20:15:37-02:00,0,False,-25.3649161,-51.4698841
TESTE001,2018-12-16T20:45:40-02:00,0,False,-25.3649268,-51.4699263
TESTE001,2018-12-16T21:15:43-02:00,0,False,-25.3648945,-51.4699053
TESTE001,2018-12-16T21:45:47-02:00,0,False,-25.3649281,-51.469924
TESTE001,2018-12-16T22:15:50-02:00,0,False,-25.3648825,-51.4699486
TESTE001,2018-12-16T22:45:53-02:00,0,False,-25.3648816,-51.4699186
TESTE001,2018-12-16T23:15:56-02:00,0,False,-25.3648896,-51.469897
TESTE001,2018-12-16T23:45:59-02:00,0,False,-25.3649156,-51.4699421
TESTE001,2018-12-17T00:16:02-02:00,0,False,-25.3648865,-51.4698568
TESTE001,2018-12-17T00:46:05-02:00,0,False,-25.3649278,-51.4699655
TESTE001,2018-12-17T01:16:09-02:00,0,False,-25.3649065,-51.4698985
TESTE001,2018-12-17T01:46:12-02:00,0,False,-25.3649061,-51.4699183
TESTE001,2018-12-17T02:16:15-02:00,0,False,-25.3649056,-51.4699435
TESTE001,2018-12-17T02:46:18-02:00,0,False,-25.3648921,-51.469991
TESTE001,2018-12-17T03:16:21-02:00,0,False,-25.3649055,-51.4699726
TESTE001,2018-12-17T03:46:24-02:00,0,False,-25.3649335,-51.4699301
TESTE001,2018-12-17T04:16:27-02:00,0,False,-25.36491,-51.4699451
TESTE001,2018-12-17T04:46:30-02:00,0,False,-25.3648953,-51.469929
TESTE001,2018-12-17T05:16:33-02:00,0,False,-25.3649306,-51.4699111
TESTE001,2018-12-17T05:46:36-02:00,0,False,-25.3649585,-51.4698893
TESTE001,2018-12-17T06:16:39-02:00,0,False,-25.364895,-51.4699165
TESTE001,2018-12-17T06:46:42-02:00,0,False,-25.3649046,-51.4699405
TESTE001,2018-12-17T07:16:45-02:00,0,False,-25.364893,-51.4699548
TESTE001,2018-12-17T07:46:48-02:00,0,False,-25.3649026,-51.4699315
TESTE001,2018-12-17T08:16:51-02:00,0,False,-25.3649323,-51.4699446
TESTE001,2018-12-17T08:46:54-02:00,0,False,-25.3649036,-51.469903
TESTE001,2018-12-17T09:16:57-02:00,0,False,-25.36489,-51.4699623
TESTE001,2018-12-17T09:47:00-02:00,0,False,-25.3648868,-51.4699518
TESTE001,2018-12-17T10:17:03-02:00,0,False,-25.3648436,-51.4699298
TESTE001,2018-12-17T10:47:06-02:00,0,False,-25.3648731,-51.4699405
TESTE001,2018-12-17T11:17:09-02:00,0,False,-25.3649086,-51.4699536
TESTE001,2018-12-17T11:47:12-02:00,0,False,-25.3648956,-51.4699931
TESTE001,2018-12-17T12:17:15-02:00,0,False,-25.3649305,-51.4699885
TESTE001,2018-12-17T12:47:18-02:00,0,False,-25.364893,-51.4699363
TESTE001,2018-12-17T13:17:21-02:00,0,False,-25.364876,-51.469966
TESTE001,2018-12-17T13:47:23-02:00,0,False,-25.3649228,-51.4699715
TESTE001,2018-12-17T14:17:26-02:00,0,False,-25.3648786,-51.4699321
TESTE001,2018-12-17T14:47:29-02:00,0,False,-25.3648971,-51.4699031
TESTE001,2018-12-17T15:17:32-02:00,0,False,-25.3649593,-51.469951
TESTE001,2018-12-17T15:47:35-02:00,0,False,-25.3649108,-51.4699395
TESTE001,2018-12-17T16:17:38-02:00,0,False,-25.3649356,-51.4699098
TESTE001,2018-12-17T16:47:41-02:00,0,False,-25.3649003,-51.469918
TESTE001,2018-12-17T17:17:44-02:00,0,False,-25.3648931,-51.4699945
TESTE001,2018-12-17T17:47:47-02:00,0,False,-25.3649131,-51.4698993
TESTE001,2018-12-17T18:17:50-02:00,0,False,-25.3649161,-51.4699661
TESTE001,2018-12-17T18:47:53-02:00,0,False,-25.3648905,-51.4699155
TESTE001,2018-12-17T19:17:56-02:00,0,False,-25.3649005,-51.4698958
TESTE001,2018-12-17T19:47:59-02:00,0,False,-25.3648816,-51.4699301
TESTE001,2018-12-17T20:18:02-02:00,0,False,-25.3649481,-51.4699136
TESTE001,2018-12-17T20:48:05-02:00,0,False,-25.3649131,-51.4699195
TESTE001,2018-12-17T21:18:08-02:00,0,False,-25.3649283,-51.4699123
TESTE001,2018-12-17T21:48:11-02:00,0,False,-25.3648598,-51.4699305
TESTE001,2018-12-17T22:18:14-02:00,0,False,-25.3649216,-51.4700016
TESTE001,2018-12-17T22:48:17-02:00,0,False,-25.364891,-51.4698818
TESTE001,2018-12-17T23:18:20-02:00,0,False,-25.3649116,-51.4699095
TESTE001,2018-12-17T23:48:22-02:00,0,False,-25.3648881,-51.4699455
TESTE001,2018-12-18T00:18:25-02:00,0,False,-25.364912,-51.4699345
TESTE001,2018-12-18T00:48:28-02:00,0,False,-25.3648855,-51.4699098
TESTE001,2018-12-18T01:18:31-02:00,0,False,-25.364907,-51.469923
TESTE001,2018-12-18T01:48:34-02:00,0,False,-25.3649061,-51.469953
TESTE001,2018-12-18T02:18:37-02:00,0,False,-25.3649156,-51.4699186
TESTE001,2018-12-18T02:48:40-02:00,0,False,-25.3649113,-51.4699301
TESTE001,2018-12-18T03:18:42-02:00,0,False,-25.3648906,-51.4699676
TESTE001,2018-12-18T03:48:45-02:00,0,False,-25.364941,-51.4699126
TESTE001,2018-12-18T04:18:48-02:00,0,False,-25.3648653,-51.4699288
TESTE001,2018-12-18T04:48:51-02:00,0,False,-25.364897,-51.4698978
TESTE001,2018-12-18T05:18:54-02:00,0,False,-25.3649435,-51.469941
TESTE001,2018-12-18T05:48:56-02:00,0,False,-25.3648306,-51.4698978
TESTE001,2018-12-18T06:18:58-02:00,0,False,-25.3649058,-51.4699283
TESTE001,2018-12-18T06:49:01-02:00,0,False,-25.364905,-51.4699516
TESTE001,2018-12-18T07:19:04-02:00,0,False,-25.3648908,-51.4699538
TESTE001,2018-12-18T07:49:07-02:00,0,False,-25.364896,-51.4699423
TESTE001,2018-12-18T08:19:10-02:00,0,False,-25.3649563,-51.4699103
TESTE001,2018-12-18T08:40:52-02:00,0,True,-25.3649563,-51.4699103
TESTE001,2018-12-18T08:42:33-02:00,8,True,-25.3646696,-51.4697548
TESTE001,2018-12-18T08:42:53-02:00,8,True,-25.3645471,-51.4700465
TESTE001,2018-12-18T08:44:52-02:00,0,True,-25.364511,-51.47016
TESTE001,2018-12-18T08:46:52-02:00,0,True,-25.3645373,-51.4701555
TESTE001,2018-12-18T08:48:52-02:00,0,True,-25.364521,-51.4701396
TESTE001,2018-12-18T08:50:51-02:00,8,True,-25.364678,-51.4695883
TESTE001,2018-12-18T08:52:08-02:00,0,False,-25.364568,-51.4692738
TESTE001,2018-12-18T08:52:08-02:00,0,False,-25.364568,-51.4692738
TESTE001,2018-12-18T08:52:12-02:00,0,True,-25.3645641,-51.4692686
TESTE001,2018-12-18T08:52:21-02:00,0,False,-25.3645615,-51.4692646
TESTE001,2018-12-18T08:52:24-02:00,0,True,-25.3645588,-51.4692586
TESTE001,2018-12-18T08:52:30-02:00,0,False,-25.3645563,-51.4692543
TESTE001,2018-12-18T09:24:32-02:00,0,False,-25.364509,-51.4692515
TESTE001,2018-12-18T09:54:35-02:00,0,False,-25.364561,-51.4692343
TESTE001,2018-12-18T10:24:39-02:00,0,False,-25.364574,-51.4692635
TESTE001,2018-12-18T10:54:42-02:00,0,False,-25.3645638,-51.4692933
TESTE001,2018-12-18T11:24:45-02:00,0,False,-25.3645536,-51.4693043
TESTE001,2018-12-18T11:54:48-02:00,0,False,-25.3646138,-51.4693071
TESTE001,2018-12-18T12:24:51-02:00,0,False,-25.3644965,-51.4692231
TESTE001,2018-12-18T12:24:51-02:00,0,False,-25.3644965,-51.4692231
TESTE001,2018-12-18T12:54:54-02:00,0,False,-25.3645496,-51.4692546
TESTE001,2018-12-18T13:24:57-02:00,0,False,-25.3645436,-51.4692523
TESTE001,2018-12-18T13:55:01-02:00,0,False,-25.3644738,-51.4691975
TESTE001,2018-12-18T14:25:04-02:00,0,False,-25.3645711,-51.4691595
TESTE001,2018-12-18T14:55:07-02:00,0,False,-25.3646321,-51.4692075
TESTE001,2018-12-18T15:25:10-02:00,0,False,-25.364689,-51.4693136
TESTE001,2018-12-18T15:55:13-02:00,0,False,-25.3645965,-51.4692208
TESTE001,2018-12-18T16:25:16-02:00,0,False,-25.364589,-51.4693108
TESTE001,2018-12-18T16:55:19-02:00,0,False,-25.3645926,-51.4691491
TESTE001,2018-12-18T17:25:22-02:00,0,False,-25.364678,-51.469287
TESTE001,2018-12-18T17:55:25-02:00,0,False,-25.3646015,-51.4691933
TESTE001,2018-12-18T18:25:28-02:00,0,False,-25.3646623,-51.4693331
TESTE001,2018-12-18T18:55:31-02:00,0,False,-25.3645785,-51.4692145
TESTE001,2018-12-18T19:25:34-02:00,0,False,-25.3645071,-51.4692435
TESTE001,2018-12-18T19:55:37-02:00,0,False,-25.3645176,-51.469203
TESTE001,2018-12-18T20:25:40-02:00,0,False,-25.3645918,-51.469219
TESTE001,2018-12-18T20:55:44-02:00,0,False,-25.364569,-51.4692475
TESTE001,2018-12-18T21:25:48-02:00,0,False,-25.3645308,-51.469226
TESTE001,2018-12-18T21:55:51-02:00,0,False,-25.3646173,-51.4692081
TESTE001,2018-12-18T22:25:54-02:00,0,False,-25.3644968,-51.4692188
TESTE001,2018-12-18T22:55:57-02:00,0,False,-25.3645571,-51.469234
TESTE001,2018-12-18T23:26:00-02:00,0,False,-25.364514,-51.4693616
TESTE001,2018-12-18T23:56:04-02:00,0,False,-25.3645451,-51.469278
TESTE001,2018-12-19T00:26:07-02:00,0,False,-25.3645891,-51.4692205
TESTE001,2018-12-19T00:56:11-02:00,0,False,-25.364647,-51.4693428
TESTE001,2018-12-19T01:26:14-02:00,0,False,-25.364563,-51.4692645
TESTE001,2018-12-19T01:56:17-02:00,0,False,-25.3645648,-51.4692865
TESTE001,2018-12-19T02:26:20-02:00,0,False,-25.3645985,-51.469296
TESTE001,2018-12-19T02:56:23-02:00,0,False,-25.3646106,-51.4691698
TESTE001,2018-12-19T03:26:26-02:00,0,False,-25.3645436,-51.4692671
TESTE001,2018-12-19T03:56:30-02:00,0,False,-25.364547,-51.4692735
TESTE001,2018-12-19T04:26:34-02:00,0,False,-25.3646325,-51.469314
TESTE001,2018-12-19T04:56:38-02:00,0,False,-25.3645263,-51.4692765
TESTE001,2018-12-19T05:26:41-02:00,0,False,-25.3646061,-51.4692498
TESTE001,2018-12-19T05:56:44-02:00,0,False,-25.364538,-51.4692806
TESTE001,2018-12-19T06:26:46-02:00,0,False,-25.364596,-51.4692473
TESTE001,2018-12-19T06:56:49-02:00,0,False,-25.3646218,-51.4692625
TESTE001,2018-12-19T07:26:52-02:00,0,False,-25.3645395,-51.4692876
TESTE001,2018-12-19T07:56:55-02:00,0,False,-25.3645658,-51.4693193
TESTE001,2018-12-19T08:26:58-02:00,0,False,-25.3645698,-51.4693088
TESTE001,2018-12-19T08:57:01-02:00,0,False,-25.3645483,-51.4692385
TESTE001,2018-12-19T09:27:04-02:00,0,False,-25.3645553,-51.4693108
TESTE001,2018-12-19T09:57:06-02:00,0,False,-25.364542,-51.4692501
TESTE001,2018-12-19T10:27:10-02:00,0,False,-25.3645935,-51.4692943
TESTE001,2018-12-19T10:57:13-02:00,0,False,-25.3645185,-51.4692225
TESTE001,2018-12-19T11:27:16-02:00,0,False,-25.3645558,-51.4692655
TESTE001,2018-12-19T11:57:19-02:00,0,False,-25.3645876,-51.4692698
TESTE001,2018-12-19T12:27:21-02:00,0,False,-25.3644616,-51.4691545
TESTE001,2018-12-19T12:57:24-02:00,0,False,-25.3645655,-51.4693476
TESTE001,2018-12-19T13:27:28-02:00,0,False,-25.3644403,-51.4692686
TESTE001,2018-12-19T13:57:31-02:00,0,False,-25.3646006,-51.4692886
TESTE001,2018-12-19T14:27:34-02:00,0,False,-25.3645231,-51.4691603
TESTE001,2018-12-19T14:34:03-02:00,0,True,-25.3645231,-51.4691603
TESTE001,2018-12-19T14:36:05-02:00,0,True,-25.3645791,-51.4692513
TESTE001,2018-12-19T14:38:05-02:00,1,True,-25.3646935,-51.4695663
TESTE001,2018-12-19T14:38:16-02:00,10,True,-25.3645923,-51.4695558
TESTE001,2018-12-19T14:38:32-02:00,8,True,-25.3643336,-51.4698461
TESTE001,2018-12-19T14:38:52-02:00,10,True,-25.364183,-51.470034
TESTE001,2018-12-19T14:40:25-02:00,13,True,-25.3667395,-51.4745558
TESTE001,2018-12-19T14:41:01-02:00,28,True,-25.3638456,-51.4762276
TESTE001,2018-12-19T14:41:17-02:00,18,True,-25.3635521,-51.4754621
TESTE001,2018-12-19T14:41:33-02:00,38,True,-25.3641715,-51.4760828
TESTE001,2018-12-19T14:43:33-02:00,52,True,-25.3691061,-51.4958365
TESTE001,2018-12-19T14:45:33-02:00,78,True,-25.3840631,-51.5127048
TESTE001,2018-12-19T14:46:56-02:00,17,True,-25.3905271,-51.5213035
TESTE001,2018-12-19T14:47:12-02:00,30,True,-25.3913001,-51.520826
TESTE001,2018-12-19T14:49:12-02:00,60,True,-25.4017925,-51.5148296
TESTE001,2018-12-19T14:49:37-02:00,48,True,-25.4045931,-51.5121733
TESTE001,2018-12-19T14:49:53-02:00,58,True,-25.4064536,-51.5113693
TESTE001,2018-12-19T14:51:53-02:00,25,True,-25.4120918,-51.4941445
TESTE001,2018-12-19T14:52:15-02:00,24,True,-25.4124188,-51.4929733
TESTE001,2018-12-19T14:52:34-02:00,32,True,-25.4131588,-51.4924238
TESTE001,2018-12-19T14:54:24-02:00,68,True,-25.4258688,-51.4913945
TESTE001,2018-12-19T14:54:49-02:00,68,True,-25.4294606,-51.4939758
TESTE001,2018-12-19T14:55:11-02:00,61,True,-25.4312705,-51.4974841
TESTE001,2018-12-19T14:57:01-02:00,87,True,-25.4480588,-51.5099678
TESTE001,2018-12-19T14:58:03-02:00,63,True,-25.450966,-51.5205781
TESTE001,2018-12-19T14:58:30-02:00,63,True,-25.4551423,-51.5219363
TESTE001,2018-12-19T14:59:05-02:00,62,True,-25.4605236,-51.5204636
TESTE001,2018-12-19T14:59:11-02:00,57,True,-25.4611558,-51.5212173
TESTE001,2018-12-19T15:00:09-02:00,83,True,-25.4672626,-51.5291673
TESTE001,2018-12-19T15:02:08-02:00,79,True,-25.4863806,-51.5388715
TESTE001,2018-12-19T15:02:56-02:00,45,True,-25.4940978,-51.5402723
TESTE001,2018-12-19T15:03:16-02:00,45,True,-25.495774,-51.5416045
TESTE001,2018-12-19T15:03:45-02:00,44,True,-25.4990296,-51.5420685
TESTE001,2018-12-19T15:04:23-02:00,57,True,-25.5022671,-51.545294
TESTE001,2018-12-19T15:06:23-02:00,69,True,-25.5196665,-51.5489128
TESTE001,2018-12-19T15:07:19-02:00,10,True,-25.5244493,-51.549662
TESTE001,2018-12-19T15:07:40-02:00,35,True,-25.5241891,-51.548416
TESTE001,2018-12-19T15:09:40-02:00,63,True,-25.5211943,-51.5362211
TESTE001,2018-12-19T15:10:14-02:00,80,True,-25.5222375,-51.5297818
TESTE001,2018-12-19T15:11:32-02:00,81,True,-25.5215898,-51.5130228
TESTE001,2018-12-19T15:12:03-02:00,72,True,-25.5242073,-51.5067433
TESTE001,2018-12-19T15:14:03-02:00,23,True,-25.5358336,-51.5027176
TESTE001,2018-12-19T15:16:03-02:00,72,True,-25.5519025,-51.4940308
TESTE001,2018-12-19T15:18:03-02:00,21,True,-25.5626495,-51.4893013
TESTE001,2018-12-19T15:20:03-02:00,27,True,-25.5692298,-51.4863113
TESTE001,2018-12-19T15:20:31-02:00,13,True,-25.5709993,-51.4854481
TESTE001,2018-12-19T15:20:47-02:00,27,True,-25.5707196,-51.4846046
TESTE001,2018-12-19T15:22:01-02:00,28,True,-25.5685711,-51.4785931
TESTE001,2018-12-19T15:22:20-02:00,28,True,-25.5692473,-51.4775123
TESTE001,2018-12-19T15:22:49-02:00,16,True,-25.5684186,-51.4755801
TESTE001,2018-12-19T15:23:05-02:00,22,True,-25.5677438,-51.4753331
TESTE001,2018-12-19T15:23:21-02:00,12,True,-25.5677063,-51.4761088
TESTE001,2018-12-19T15:23:37-02:00,11,True,-25.567762,-51.4764413
TESTE001,2018-12-19T15:25:00-02:00,0,False,-25.5676555,-51.4766121
TESTE001,2018-12-19T15:25:00-02:00,0,False,-25.5676555,-51.4766121
TESTE001,2018-12-19T15:44:42-02:00,0,True,-25.5676555,-51.4766121
TESTE001,2018-12-19T15:46:43-02:00,4,True,-25.5676555,-51.4759906
TESTE001,2018-12-19T15:48:01-02:00,7,True,-25.5675498,-51.475332
TESTE001,2018-12-19T15:48:24-02:00,20,True,-25.5676336,-51.4747
TESTE001,2018-12-19T15:48:40-02:00,22,True,-25.5682101,-51.4747641
TESTE001,2018-12-19T15:49:07-02:00,17,True,-25.5689623,-51.4770176
TESTE001,2018-12-19T15:49:52-02:00,9,True,-25.5686348,-51.4771975
TESTE001,2018-12-19T15:50:08-02:00,14,True,-25.56797,-51.4773943
TESTE001,2018-12-19T15:52:07-02:00,0,True,-25.567986,-51.4776901
TESTE001,2018-12-19T15:53:58-02:00,0,False,-25.5679951,-51.4777033
TESTE001,2018-12-19T15:53:58-02:00,0,False,-25.5679951,-51.4777033
TESTE001,2018-12-19T15:55:47-02:00,0,True,-25.5680061,-51.4777106
TESTE001,2018-12-19T15:56:24-02:00,8,True,-25.5680481,-51.4777228
TESTE001,2018-12-19T15:56:43-02:00,0,False,-25.5681155,-51.477857
TESTE001,2018-12-19T15:56:43-02:00,0,False,-25.5681155,-51.477857
TESTE001,2018-12-19T15:57:25-02:00,0,True,-25.5681026,-51.4778718
TESTE001,2018-12-19T15:58:42-02:00,0,False,-25.5681891,-51.4780751
TESTE001,2018-12-19T16:01:08-02:00,0,True,-25.5681801,-51.4780883
TESTE001,2018-12-19T16:01:24-02:00,7,True,-25.5682108,-51.4781558
TESTE001,2018-12-19T16:01:44-02:00,0,False,-25.568416,-51.4781825
TESTE001,2018-12-19T16:01:44-02:00,0,False,-25.568416,-51.4781825
TESTE001,2018-12-19T16:01:49-02:00,0,True,-25.5684186,-51.4781746
TESTE001,2018-12-19T16:01:59-02:00,0,False,-25.5684186,-51.47817
TESTE001,2018-12-19T16:02:54-02:00,0,True,-25.5684208,-51.4781515
TESTE001,2018-12-19T16:03:05-02:00,7,True,-25.5684846,-51.4781373
TESTE001,2018-12-19T16:03:18-02:00,0,False,-25.5685995,-51.478083
TESTE001,2018-12-19T16:03:18-02:00,0,False,-25.5685995,-51.478083
TESTE001,2018-12-19T16:04:29-02:00,0,True,-25.5686336,-51.4781021
TESTE001,2018-12-19T16:04:56-02:00,6,True,-25.5687198,-51.4780556
TESTE001,2018-12-19T16:05:52-02:00,0,False,-25.5688581,-51.477849
TESTE001,2018-12-19T16:05:52-02:00,0,False,-25.5688581,-51.477849
TESTE001,2018-12-19T16:07:51-02:00,0,True,-25.5688431,-51.4778805
TESTE001,2018-12-19T16:08:06-02:00,6,True,-25.5688493,-51.4778143
TESTE001,2018-12-19T16:08:22-02:00,0,False,-25.5688033,-51.4776555
TESTE001,2018-12-19T16:08:22-02:00,0,False,-25.5688033,-51.4776555
TESTE001,2018-12-19T16:10:54-02:00,0,True,-25.5687926,-51.477601
TESTE001,2018-12-19T16:11:30-02:00,7,True,-25.5687491,-51.4775101
TESTE001,2018-12-19T16:12:35-02:00,11,True,-25.5686073,-51.4773261
TESTE001,2018-12-19T16:13:16-02:00,0,False,-25.5682383,-51.4775075
TESTE001,2018-12-19T16:13:16-02:00,0,False,-25.5682383,-51.4775075
TESTE001,2018-12-19T16:17:47-02:00,0,True,-25.5682013,-51.4775426
TESTE001,2018-12-19T16:18:15-02:00,8,True,-25.5680215,-51.4776513
TESTE001,2018-12-19T16:18:33-02:00,19,True,-25.5681638,-51.4784318
TESTE001,2018-12-19T16:19:38-02:00,12,True,-25.5691066,-51.4809938
TESTE001,2018-12-19T16:19:54-02:00,18,True,-25.568562,-51.4812213
TESTE001,2018-12-19T16:20:24-02:00,10,True,-25.567559,-51.481579
TESTE001,2018-12-19T16:20:40-02:00,11,True,-25.5673021,-51.4811375
TESTE001,2018-12-19T16:20:56-02:00,9,True,-25.5674803,-51.4807311
TESTE001,2018-12-19T16:21:20-02:00,0,False,-25.5676051,-51.4806913
TESTE001,2018-12-19T16:21:20-02:00,0,False,-25.5676051,-51.4806913
TESTE001,2018-12-19T16:27:29-02:00,0,True,-25.5676051,-51.4806913
TESTE001,2018-12-19T16:27:46-02:00,9,True,-25.5676855,-51.4803218
TESTE001,2018-12-19T16:29:49-02:00,0,True,-25.567765,-51.4806178
TESTE001,2018-12-19T16:31:49-02:00,1,True,-25.5677771,-51.480719
TESTE001,2018-12-19T16:33:49-02:00,0,True,-25.5676768,-51.4807338
TESTE001,2018-12-19T16:34:35-02:00,0,False,-25.5677018,-51.4807053
TESTE001,2018-12-19T16:34:35-02:00,0,False,-25.5677018,-51.4807053
TESTE001,2018-12-19T17:06:38-02:00,0,False,-25.5675645,-51.4809586
TESTE001,2018-12-19T17:21:49-02:00,0,True,-25.5678073,-51.480528
TESTE001,2018-12-19T17:23:03-02:00,7,True,-25.5676528,-51.4808068
TESTE001,2018-12-19T17:25:03-02:00,0,True,-25.5677846,-51.4805765
TESTE001,2018-12-19T17:27:03-02:00,0,True,-25.5678743,-51.4806518
TESTE001,2018-12-19T17:29:03-02:00,0,True,-25.5678723,-51.4806335
TESTE001,2018-12-19T17:31:03-02:00,0,True,-25.5678813,-51.4806411
TESTE001,2018-12-19T17:31:54-02:00,0,False,-25.5678623,-51.4806276
TESTE001,2018-12-19T17:31:54-02:00,0,False,-25.5678623,-51.4806276
TESTE001,2018-12-19T17:55:43-02:00,0,True,-25.5678623,-51.4806276
TESTE001,2018-12-19T17:56:15-02:00,7,True,-25.5677041,-51.4803631
TESTE001,2018-12-19T17:56:35-02:00,11,True,-25.5673286,-51.4809026
TESTE001,2018-12-19T17:56:55-02:00,9,True,-25.5674815,-51.4813431
TESTE001,2018-12-19T17:57:11-02:00,7,True,-25.567806,-51.481615
TESTE001,2018-12-19T17:58:15-02:00,8,True,-25.5690755,-51.4807655
TESTE001,2018-12-19T17:59:46-02:00,9,True,-25.5682093,-51.4781716
TESTE001,2018-12-19T18:00:09-02:00,9,True,-25.5688666,-51.4777745
TESTE001,2018-12-19T18:02:09-02:00,0,True,-25.568771,-51.4774725
TESTE001,2018-12-19T18:04:09-02:00,3,True,-25.5684218,-51.4774045
TESTE001,2018-12-19T18:04:34-02:00,0,False,-25.5682671,-51.4774591
TESTE001,2018-12-19T18:04:34-02:00,0,False,-25.5682671,-51.4774591
TESTE001,2018-12-19T18:08:58-02:00,0,True,-25.5681875,-51.4775118
TESTE001,2018-12-19T18:09:29-02:00,7,True,-25.5680158,-51.4776418
TESTE001,2018-12-19T18:11:29-02:00,0,True,-25.568819,-51.477249
TESTE001,2018-12-19T18:12:09-02:00,9,True,-25.5690671,-51.477199
TESTE001,2018-12-19T18:12:24-02:00,17,True,-25.569246,-51.477618
TESTE001,2018-12-19T18:12:40-02:00,18,True,-25.5688848,-51.4782088
TESTE001,2018-12-19T18:12:56-02:00,22,True,-25.5684648,-51.478843
TESTE001,2018-12-19T18:14:56-02:00,7,True,-25.5708575,-51.4854088
TESTE001,2018-12-19T18:16:56-02:00,16,True,-25.5654013,-51.4879433
TESTE001,2018-12-19T18:18:56-02:00,12,True,-25.5594146,-51.4906531
TESTE001,2018-12-19T18:20:56-02:00,63,True,-25.5462158,-51.496667
TESTE001,2018-12-19T18:22:56-02:00,34,True,-25.5351665,-51.5026826
TESTE001,2018-12-19T18:24:52-02:00,64,True,-25.523934,-51.5069115
TESTE001,2018-12-19T18:25:30-02:00,70,True,-25.5214336,-51.5134983
TESTE001,2018-12-19T18:27:30-02:00,57,True,-25.5215488,-51.5350178
TESTE001,2018-12-19T18:27:46-02:00,42,True,-25.5210291,-51.537283
TESTE001,2018-12-19T18:29:46-02:00,51,True,-25.5236483,-51.5466843
TESTE001,2018-12-19T18:30:15-02:00,16,True,-25.5241778,-51.549314
TESTE001,2018-12-19T18:30:31-02:00,21,True,-25.5237325,-51.5494668
TESTE001,2018-12-19T18:32:31-02:00,60,True,-25.5065355,-51.5453803
TESTE001,2018-12-19T18:33:12-02:00,54,True,-25.5007991,-51.544544
TESTE001,2018-12-19T18:33:46-02:00,59,True,-25.497848,-51.5414701
TESTE001,2018-12-19T18:34:07-02:00,57,True,-25.495011,-51.541156
TESTE001,2018-12-19T18:34:34-02:00,74,True,-25.4909625,-51.539238
TESTE001,2018-12-19T18:35:46-02:00,79,True,-25.4779533,-51.5368275
TESTE001,2018-12-19T18:37:45-02:00,19,True,-25.471808,-51.5305275
TESTE001,2018-12-19T18:39:45-02:00,39,True,-25.4635478,-51.5257021
TESTE001,2018-12-19T18:40:14-02:00,45,True,-25.4616466,-51.5230706
TESTE001,2018-12-19T18:40:35-02:00,40,True,-25.4608371,-51.5206018
TESTE001,2018-12-19T18:40:51-02:00,49,True,-25.4591651,-51.5203591
TESTE001,2018-12-19T18:42:06-02:00,45,True,-25.4502998,-51.5201858
TESTE001,2018-12-19T18:42:22-02:00,49,True,-25.4494175,-51.518563
TESTE001,2018-12-19T18:44:22-02:00,26,True,-25.4423721,-51.5016496
TESTE001,2018-12-19T18:45:33-02:00,47,True,-25.438104,-51.4981803
TESTE001,2018-12-19T18:46:43-02:00,23,True,-25.4330495,-51.4971315
TESTE001,2018-12-19T18:47:16-02:00,19,True,-25.4314768,-51.4974663
TESTE001,2018-12-19T18:47:37-02:00,21,True,-25.4306556,-51.4969476
TESTE001,2018-12-19T18:49:37-02:00,51,True,-25.4257098,-51.4912678
TESTE001,2018-12-19T18:49:53-02:00,54,True,-25.42363,-51.4914015
TESTE001,2018-12-19T18:51:53-02:00,18,True,-25.4134416,-51.4923073
TESTE001,2018-12-19T18:52:10-02:00,15,True,-25.4125715,-51.492685
TESTE001,2018-12-19T18:52:33-02:00,24,True,-25.4121048,-51.4935445
TESTE001,2018-12-19T18:54:33-02:00,76,True,-25.4073083,-51.5077296
TESTE001,2018-12-19T18:54:59-02:00,42,True,-25.4059965,-51.5118628
TESTE001,2018-12-19T18:56:58-02:00,26,True,-25.397089,-51.5185726
TESTE001,2018-12-19T18:58:47-02:00,27,True,-25.3908815,-51.5207598
TESTE001,2018-12-19T18:59:03-02:00,24,True,-25.3903111,-51.519937
TESTE001,2018-12-19T19:01:03-02:00,60,True,-25.3811813,-51.5095586
TESTE001,2018-12-19T19:03:03-02:00,47,True,-25.3684638,-51.4949105
TESTE001,2018-12-19T19:03:39-02:00,66,True,-25.3659731,-51.4902335
TESTE001,2018-12-19T19:05:39-02:00,30,True,-25.3652931,-51.475806
TESTE001,2018-12-19T19:05:58-02:00,25,True,-25.3663401,-51.4749451
TESTE001,2018-12-19T19:06:16-02:00,9,True,-25.3669775,-51.4746535
TESTE001,2018-12-19T19:06:32-02:00,12,True,-25.3667651,-51.4743976
TESTE001,2018-12-19T19:07:53-02:00,14,True,-25.3642733,-51.4701345
TESTE001,2018-12-19T19:08:09-02:00,10,True,-25.3643933,-51.4697416
TESTE001,2018-12-19T19:08:25-02:00,7,True,-25.3646823,-51.4696378
TESTE001,2018-12-19T19:10:25-02:00,0,True,-25.3643763,-51.469803
TESTE001,2018-12-19T19:12:03-02:00,0,False,-25.3643501,-51.4698293
TESTE001,2018-12-19T19:12:03-02:00,0,False,-25.3643501,-51.4698293
TESTE001,2018-12-19T19:12:17-02:00,0,True,-25.364352,-51.4698333
TESTE001,2018-12-19T19:12:34-02:00,0,False,-25.3643538,-51.4698435
TESTE001,2018-12-19T19:23:35-02:00,0,True,-25.3643538,-51.4698435
TESTE001,2018-12-19T19:25:37-02:00,0,True,-25.3643983,-51.4697983
TESTE001,2018-12-19T19:27:37-02:00,0,True,-25.3643746,-51.4697961
TESTE001,2018-12-19T19:28:28-02:00,7,True,-25.3644393,-51.4697041
TESTE001,2018-12-19T19:28:28-02:00,7,True,-25.3644393,-51.4697041
TESTE001,2018-12-19T19:28:49-02:00,0,False,-25.3643351,-51.4695476
TESTE001,2018-12-19T19:28:49-02:00,0,False,-25.3643351,-51.4695476
TESTE001,2018-12-19T19:33:41-02:00,0,True,-25.3643393,-51.4695258
TESTE001,2018-12-19T19:35:18-02:00,7,True,-25.364576,-51.4697618
TESTE001,2018-12-19T19:37:18-02:00,0,True,-25.3643956,-51.4702323
TESTE001,2018-12-19T19:39:18-02:00,0,True,-25.3644391,-51.4702356
TESTE001,2018-12-19T19:39:18-02:00,0,True,-25.3644391,-51.4702356
TESTE001,2018-12-19T19:41:18-02:00,0,True,-25.3643915,-51.4702948
TESTE001,2018-12-19T19:43:18-02:00,0,True,-25.3644098,-51.4702246
TESTE001,2018-12-19T19:44:13-02:00,8,True,-25.3642701,-51.4699195
TESTE001,2018-12-19T19:44:33-02:00,11,True,-25.3640935,-51.469876
TESTE001,2018-12-19T19:45:07-02:00,10,True,-25.3632928,-51.4685485
TESTE001,2018-12-19T19:45:46-02:00,12,True,-25.3614396,-51.4696351
TESTE001,2018-12-19T19:47:45-02:00,51,True,-25.3532888,-51.4594553
TESTE001,2018-12-19T19:49:45-02:00,53,True,-25.3455533,-51.4448763
TESTE001,2018-12-19T19:51:45-02:00,60,True,-25.3418918,-51.4336158
TESTE001,2018-12-19T19:52:34-02:00,63,True,-25.3391918,-51.4273201
TESTE001,2018-12-19T19:53:38-02:00,92,True,-25.340884,-51.4138278
TESTE001,2018-12-19T19:54:27-02:00,37,True,-25.3459946,-51.4064468
TESTE001,2018-12-19T19:56:26-02:00,46,True,-25.3444783,-51.3974593
TESTE001,2018-12-19T19:56:56-02:00,65,True,-25.3448098,-51.3927356
TESTE001,2018-12-19T19:57:11-02:00,68,True,-25.3473308,-51.3916881
TESTE001,2018-12-19T19:57:27-02:00,67,True,-25.3485396,-51.389496
TESTE001,2018-12-19T19:57:59-02:00,72,True,-25.3461893,-51.3835295
TESTE001,2018-12-19T19:59:01-02:00,78,True,-25.3533353,-51.3716765
TESTE001,2018-12-19T19:59:29-02:00,66,True,-25.3526138,-51.365758
TESTE001,2018-12-19T20:01:08-02:00,37,True,-25.362858,-51.3500418
TESTE001,2018-12-19T20:01:44-02:00,43,True,-25.3656345,-51.3485936
TESTE001,2018-12-19T20:03:43-02:00,65,True,-25.3692635,-51.3284235
TESTE001,2018-12-19T20:04:19-02:00,67,True,-25.3714426,-51.3210396
TESTE001,2018-12-19T20:04:39-02:00,61,True,-25.3736481,-51.318864
TESTE001,2018-12-19T20:06:38-02:00,24,True,-25.373283,-51.306635
TESTE001,2018-12-19T20:08:38-02:00,63,True,-25.3768435,-51.292927
TESTE001,2018-12-19T20:09:06-02:00,56,True,-25.3773486,-51.2883885
TESTE001,2018-12-19T20:09:48-02:00,15,True,-25.374888,-51.2845353
TESTE001,2018-12-19T20:10:35-02:00,65,True,-25.372158,-51.280393
TESTE001,2018-12-19T20:12:34-02:00,45,True,-25.371649,-51.2629503
TESTE001,2018-12-19T20:14:34-02:00,90,True,-25.3622395,-51.2434303
TESTE001,2018-12-19T20:15:22-02:00,77,True,-25.3558103,-51.2342735
TESTE001,2018-12-19T20:15:49-02:00,77,True,-25.353976,-51.2292156
TESTE001,2018-12-19T20:17:25-02:00,76,True,-25.3391521,-51.2158103
TESTE001,2018-12-19T20:19:24-02:00,50,True,-25.3195011,-51.215249
TESTE001,2018-12-19T20:21:02-02:00,51,True,-25.307553,-51.211176
TESTE001,2018-12-19T20:21:17-02:00,51,True,-25.3082376,-51.2093833
TESTE001,2018-12-19T20:21:36-02:00,49,True,-25.3104613,-51.2084025
TESTE001,2018-12-19T20:23:26-02:00,41,True,-25.3172453,-51.195167
TESTE001,2018-12-19T20:24:01-02:00,47,True,-25.3210066,-51.1956468
TESTE001,2018-12-19T20:24:24-02:00,46,True,-25.3233861,-51.1967796
TESTE001,2018-12-19T20:24:40-02:00,41,True,-25.3241583,-51.19523
TESTE001,2018-12-19T20:25:04-02:00,47,True,-25.3237728,-51.1923928
TESTE001,2018-12-19T20:25:45-02:00,55,True,-25.3190396,-51.1893748
TESTE001,2018-12-19T20:26:29-02:00,57,True,-25.3129465,-51.1868915
TESTE001,2018-12-19T20:26:48-02:00,73,True,-25.3121745,-51.1835681
TESTE001,2018-12-19T20:28:00-02:00,53,True,-25.3121695,-51.171808
TESTE001,2018-12-19T20:29:59-02:00,78,True,-25.3035255,-51.1547966
TESTE001,2018-12-19T20:31:34-02:00,103,True,-25.2933896,-51.1328171
TESTE001,2018-12-19T20:31:40-02:00,97,True,-25.2926886,-51.1313378
TESTE001,2018-12-19T20:31:56-02:00,65,True,-25.2923021,-51.1281198
TESTE001,2018-12-19T20:33:16-02:00,60,True,-25.2988008,-51.1173293
TESTE001,2018-12-19T20:33:38-02:00,61,True,-25.3014023,-51.1149835
TESTE001,2018-12-19T20:34:02-02:00,65,True,-25.3028493,-51.1112908
TESTE001,2018-12-19T20:34:43-02:00,81,True,-25.3095135,-51.1077545
TESTE001,2018-12-19T20:35:57-02:00,38,True,-25.3112503,-51.0924668
TESTE001,2018-12-19T20:36:27-02:00,67,True,-25.3141801,-51.0901473
TESTE001,2018-12-19T20:36:43-02:00,85,True,-25.3138023,-51.0869225
TESTE001,2018-12-19T20:38:43-02:00,84,True,-25.3154041,-51.0601046
TESTE001,2018-12-19T20:40:02-02:00,56,True,-25.3153321,-51.0425611
TESTE001,2018-12-19T20:41:00-02:00,82,True,-25.3195911,-51.0359685
TESTE001,2018-12-19T20:42:59-02:00,73,True,-25.3196513,-51.0111761
TESTE001,2018-12-19T20:44:05-02:00,76,True,-25.3172255,-50.9967218
TESTE001,2018-12-19T20:45:28-02:00,75,True,-25.3230626,-50.9826043
TESTE001,2018-12-19T20:46:42-02:00,72,True,-25.3195571,-50.9699745
TESTE001,2018-12-19T20:47:54-02:00,85,True,-25.3278921,-50.9566085
TESTE001,2018-12-19T20:49:51-02:00,56,True,-25.3422278,-50.9403736
TESTE001,2018-12-19T20:51:50-02:00,62,True,-25.3572725,-50.9194861
TESTE001,2018-12-19T20:53:50-02:00,63,True,-25.36851,-50.9050158
TESTE001,2018-12-19T20:55:23-02:00,78,True,-25.3749448,-50.885299
TESTE001,2018-12-19T20:56:26-02:00,76,True,-25.375948,-50.8709821
TESTE001,2018-12-19T20:58:25-02:00,77,True,-25.3845243,-50.8470976
TESTE001,2018-12-19T21:00:25-02:00,96,True,-25.3886818,-50.8258683
TESTE001,2018-12-19T21:02:25-02:00,62,True,-25.394992,-50.8025636
TESTE001,2018-12-19T21:02:48-02:00,72,True,-25.3978773,-50.8001765
TESTE001,2018-12-19T21:03:25-02:00,50,True,-25.4037623,-50.797116
TESTE001,2018-12-19T21:05:25-02:00,26,True,-25.407361,-50.7880858
TESTE001,2018-12-19T21:05:47-02:00,38,True,-25.4080408,-50.7863701
TESTE001,2018-12-19T21:06:39-02:00,79,True,-25.409142,-50.7761891
TESTE001,2018-12-19T21:08:38-02:00,94,True,-25.4221726,-50.7542478
TESTE001,2018-12-19T21:10:38-02:00,74,True,-25.4311558,-50.7314701
TESTE001,2018-12-19T21:11:52-02:00,41,True,-25.4354048,-50.7169816
TESTE001,2018-12-19T21:12:33-02:00,50,True,-25.4387571,-50.71375
TESTE001,2018-12-19T21:13:26-02:00,77,True,-25.442179,-50.7051163
TESTE001,2018-12-19T21:13:52-02:00,42,True,-25.4412118,-50.70122
TESTE001,2018-12-19T21:14:44-02:00,68,True,-25.441629,-50.6948926
TESTE001,2018-12-19T21:15:00-02:00,70,True,-25.441123,-50.6917925
TESTE001,2018-12-19T21:17:00-02:00,78,True,-25.4461491,-50.6741113
TESTE001,2018-12-19T21:19:00-02:00,59,True,-25.453707,-50.6488901
TESTE001,2018-12-19T21:19:34-02:00,63,True,-25.4517093,-50.643527
TESTE001,2018-12-19T21:20:07-02:00,52,True,-25.448825,-50.6394605
TESTE001,2018-12-19T21:20:33-02:00,73,True,-25.4506985,-50.6352278
TESTE001,2018-12-19T21:21:27-02:00,75,True,-25.455759,-50.6262911
TESTE001,2018-12-19T21:22:30-02:00,53,True,-25.4545456,-50.6136618
TESTE001,2018-12-19T21:24:29-02:00,54,True,-25.4622401,-50.5970076
TESTE001,2018-12-19T21:26:29-02:00,97,True,-25.464977,-50.5782475
TESTE001,2018-12-19T21:28:29-02:00,79,True,-25.4633711,-50.5505016
TESTE001,2018-12-19T21:30:29-02:00,96,True,-25.4662686,-50.5252843
TESTE001,2018-12-19T21:32:29-02:00,55,True,-25.467942,-50.507927
TESTE001,2018-12-19T21:34:29-02:00,60,True,-25.4728575,-50.4909196
TESTE001,2018-12-19T21:34:48-02:00,78,True,-25.4723428,-50.4873475
TESTE001,2018-12-19T21:35:48-02:00,71,True,-25.4684748,-50.4756933
TESTE001,2018-12-19T21:36:30-02:00,77,True,-25.4709543,-50.467435
TESTE001,2018-12-19T21:36:53-02:00,75,True,-25.4685801,-50.4634173
TESTE001,2018-12-19T21:38:26-02:00,78,True,-25.4526611,-50.4535721
TESTE001,2018-12-19T21:38:41-02:00,78,True,-25.4526966,-50.4502893
TESTE001,2018-12-19T21:40:41-02:00,66,True,-25.4605755,-50.4268973
TESTE001,2018-12-19T21:42:41-02:00,31,True,-25.467254,-50.4103456
TESTE001,2018-12-19T21:43:58-02:00,87,True,-25.4687405,-50.3963471
TESTE001,2018-12-19T21:45:55-02:00,35,True,-25.4639028,-50.3770671
TESTE001,2018-12-19T21:47:37-02:00,48,True,-25.466545,-50.367639
TESTE001,2018-12-19T21:49:36-02:00,73,True,-25.465173,-50.3490163
TESTE001,2018-12-19T21:50:43-02:00,73,True,-25.4560696,-50.3387458
TESTE001,2018-12-19T21:50:58-02:00,60,True,-25.457591,-50.3365031
TESTE001,2018-12-19T21:51:15-02:00,66,True,-25.4591821,-50.3343346
TESTE001,2018-12-19T21:51:31-02:00,73,True,-25.4605941,-50.3316728
TESTE001,2018-12-19T21:52:29-02:00,105,True,-25.4703696,-50.3227148
TESTE001,2018-12-19T21:52:47-02:00,97,True,-25.4734846,-50.3188621
TESTE001,2018-12-19T21:53:03-02:00,69,True,-25.4752036,-50.3157521
TESTE001,2018-12-19T21:53:40-02:00,79,True,-25.4730835,-50.3092933
TESTE001,2018-12-19T21:54:45-02:00,71,True,-25.4675533,-50.2950588
TESTE001,2018-12-19T21:56:31-02:00,55,True,-25.4709635,-50.2771763
TESTE001,2018-12-19T21:58:30-02:00,48,True,-25.4649276,-50.2664348
